<?xml version="1.0" encoding="UTF-8"?>
<configuration>

	<appender name="KIWI" class="ch.qos.logback.classic.net.SyslogAppender">
		<syslogHost>localhost</syslogHost>
		<facility>LOCAL0</facility>
		<suffixPattern>%thread: %-5level %logger{36} - %msg%n</suffixPattern>
	</appender>
	
	<appender name="RSYSLOG" class="ch.qos.logback.classic.net.SyslogAppender">
	    <!-- Ubuntu Server host name -->
		<syslogHost>cengaver</syslogHost>
		<facility>LOCAL1</facility>
		<suffixPattern>%thread: %-5level %logger{36} - %msg%n</suffixPattern>
	</appender>

	<logger name="com.javacodegeeks.examples.logbacksyslogexample.message.kiwi" level="INFO">
		<appender-ref ref="KIWI" />
	</logger>

	<logger name="com.javacodegeeks.examples.logbacksyslogexample.message.rsyslog" level="INFO">
		<appender-ref ref="RSYSLOG" />
	</logger>

</configuration>
